{"cameraMode":{"drawMode":0,"name":"Shaded","section":"Shading Mode"},"sceneLighting":true,"audioPlay":false,"sceneViewState":{"showFog":true,"showMaterialUpdate":true,"showSkybox":true,"showFlares":true,"showImageEffects":true,"showParticleSystems":true,"showVisualEffectGraphs":true},"in2DMode":false,"pivot":{"x":-5.243640899658203,"y":1.4060883522033692,"z":3.2381205558776857},"rotation":{"x":-0.11656985431909561,"y":0.6962116360664368,"z":-0.11615036427974701,"w":-0.6987250447273254},"size":44.65726089477539,"orthographic":false}